"","Date reported to Alberta Health","Number of lab tests","Cumulative number of lab tests","Number of cases","Cumulative number of cases","Active cases","Currently hospitalized","Currently in ICU","Cumulative number of deaths","Number of deaths","Number of variants of concern","Percent positivity"
"1",2020-03-06,60,511,1,1,1,0,0,0,0,0,5
"2",2020-03-07,281,792,0,0,1,0,0,0,0,0,0
"3",2020-03-08,454,1246,0,0,1,0,0,0,0,0,0
"4",2020-03-09,643,1889,6,7,7,1,0,0,0,0,1.71
"5",2020-03-10,784,2673,9,16,16,1,0,0,0,0,1.91
"6",2020-03-11,1334,4007,7,23,23,1,0,0,0,0,0.6
"7",2020-03-12,1147,5154,3,26,26,2,1,0,0,0,0.26
"8",2020-03-13,1587,6741,8,34,34,5,2,0,0,0,1.2
"9",2020-03-14,1555,8296,22,56,55,5,2,0,0,0,1.93
"10",2020-03-15,1834,10130,11,67,66,5,2,0,0,0,0.87
"11",2020-03-16,1485,11615,24,91,90,6,2,0,0,0,2.63
"12",2020-03-17,2083,13698,11,102,101,7,3,0,0,0,0.48
"13",2020-03-18,2878,16576,29,131,128,12,3,1,1,0,1.88
"14",2020-03-19,2869,19445,32,163,159,15,8,1,0,0,1.67
"15",2020-03-20,3593,23038,47,210,203,16,9,1,0,0,1.64
"16",2020-03-21,3507,26545,35,245,237,19,10,1,0,0,1.17
"17",2020-03-22,2854,29399,47,292,277,20,10,1,0,0,1.26
"18",2020-03-23,2728,32127,53,345,324,22,10,1,0,0,1.65
"19",2020-03-24,3143,35270,68,413,384,29,11,1,0,0,1.81
"20",2020-03-25,1645,36915,63,476,439,33,11,1,0,0,3.65
"21",2020-03-26,1316,38231,53,529,480,34,11,1,0,0,2.74
"22",2020-03-27,3697,41928,85,614,543,35,13,1,0,0,2.41
"23",2020-03-28,2145,44073,54,668,562,38,14,1,0,0,2
"24",2020-03-29,1929,46002,34,702,566,41,15,5,4,0,0.98
"25",2020-03-30,2549,48551,40,742,562,43,17,10,5,0,1.18
"26",2020-03-31,4770,53321,132,874,657,43,18,11,1,0,2.56
"27",2020-04-01,3610,56931,108,982,714,42,20,12,1,0,2.3
"28",2020-04-02,4009,60940,122,1104,790,43,20,15,3,0,2.34
"29",2020-04-03,1723,62663,71,1175,806,45,19,18,3,0,2.44
"30",2020-04-04,1807,64470,60,1235,803,47,20,23,5,0,2.6
"31",2020-04-05,1185,65655,42,1277,781,44,20,25,2,0,3.21
"32",2020-04-06,941,66596,34,1311,729,45,18,28,3,0,2.66
"33",2020-04-07,1705,68301,53,1364,707,46,16,28,0,0,2.29
"34",2020-04-08,1288,69589,33,1397,668,49,16,32,4,0,2.17
"35",2020-04-09,2291,71880,45,1442,625,50,15,36,4,0,1.48
"36",2020-04-10,2851,74731,49,1491,590,52,15,40,4,0,1.4
"37",2020-04-11,2240,76971,65,1556,576,52,15,45,5,0,2.14
"38",2020-04-12,2305,79276,68,1624,594,50,15,45,0,0,2.52
"39",2020-04-13,2136,81412,68,1692,617,49,14,48,3,0,2.76
"40",2020-04-14,2572,83984,127,1819,698,48,15,48,0,0,4.67
"41",2020-04-15,3092,87076,133,1952,765,55,12,50,2,0,3.85
"42",2020-04-16,3099,90175,146,2098,870,58,13,50,0,0,4.94
"43",2020-04-17,5238,95413,213,2311,1031,63,14,54,4,0,4.01
"44",2020-04-18,3800,99213,187,2498,1171,56,16,57,3,0,4.79
"45",2020-04-19,4370,103583,201,2699,1331,62,19,62,5,0,4.51
"46",2020-04-20,4009,107592,183,2882,1467,62,18,66,4,0,4.71
"47",2020-04-21,4313,111905,264,3146,1691,61,20,72,6,0,5.91
"48",2020-04-22,4057,115962,294,3440,1944,64,19,75,3,0,7.2
"49",2020-04-23,4471,120433,340,3780,2223,65,18,80,5,0,7.67
"50",2020-04-24,4531,124964,232,4012,2405,70,21,80,0,0,5.16
"51",2020-04-25,4664,129628,222,4234,2554,70,19,84,4,0,4.97
"52",2020-04-26,4301,133929,203,4437,2679,75,21,88,4,0,4.49
"53",2020-04-27,3444,137373,178,4615,2742,77,20,90,2,0,5.14
"54",2020-04-28,4362,141735,249,4864,2848,79,23,94,4,0,5.89
"55",2020-04-29,5077,146812,231,5095,2923,86,22,96,2,0,4.53
"56",2020-04-30,5035,151847,222,5317,2932,89,22,100,4,0,4.37
"57",2020-05-01,2847,154694,141,5458,2877,82,23,102,2,0,4.25
"58",2020-05-02,4970,159664,112,5570,2806,83,19,104,2,0,2.25
"59",2020-05-03,3244,162908,70,5640,2701,83,21,106,2,0,2.37
"60",2020-05-04,2557,165465,79,5719,2542,82,21,107,1,0,2.89
"61",2020-05-05,3032,168497,62,5781,2328,84,20,111,4,0,2.01
"62",2020-05-06,2882,171379,65,5846,2056,79,19,112,1,0,2.22
"63",2020-05-07,4135,175514,87,5933,1889,78,18,115,3,0,2.18
"64",2020-05-08,3781,179295,77,6010,1772,73,16,115,0,0,2.17
"65",2020-05-09,4214,183509,85,6095,1665,64,14,117,2,0,1.97
"66",2020-05-10,3260,186769,71,6166,1548,65,12,118,1,0,2.18
"67",2020-05-11,2793,189562,47,6213,1328,64,11,121,3,0,1.75
"68",2020-05-12,3756,193318,70,6283,1182,65,11,124,3,0,1.86
"69",2020-05-13,4409,197727,62,6345,1031,61,9,124,0,0,1.47
"70",2020-05-14,4767,202494,61,6406,961,57,9,125,1,0,1.26
"71",2020-05-15,4700,207194,73,6479,921,52,9,126,1,0,1.57
"72",2020-05-16,3986,211180,54,6533,906,50,8,128,2,0,1.4
"73",2020-05-17,3189,214369,46,6579,868,50,9,129,1,0,1.57
"74",2020-05-18,3230,217599,38,6617,839,50,9,131,2,0,1.24
"75",2020-05-19,2503,220102,43,6660,811,45,8,132,1,0,1.8
"76",2020-05-20,3277,223379,27,6687,776,44,7,136,4,0,0.92
"77",2020-05-21,3722,227101,30,6717,726,42,6,138,2,0,0.83
"78",2020-05-22,3823,230924,27,6744,658,39,6,138,0,0,0.86
"79",2020-05-23,3861,234785,32,6776,622,35,7,139,1,0,0.83
"80",2020-05-24,3234,238019,29,6805,597,33,6,139,0,0,0.87
"81",2020-05-25,2958,240977,13,6818,552,33,5,141,2,0,0.44
"82",2020-05-26,3056,244033,19,6837,500,33,5,143,2,0,0.65
"83",2020-05-27,3603,247636,27,6864,468,31,4,143,0,0,0.78
"84",2020-05-28,3903,251539,28,6892,434,32,4,143,0,0,0.74
"85",2020-05-29,3862,255401,30,6922,402,33,5,144,1,0,0.78
"86",2020-05-30,3364,258765,20,6942,380,27,6,144,0,0,0.62
"87",2020-05-31,3133,261898,34,6976,379,24,6,144,0,0,1.09
"88",2020-06-01,2734,264632,21,6997,362,24,6,145,1,0,0.77
"89",2020-06-02,4055,268687,19,7016,343,25,6,146,1,0,0.62
"90",2020-06-03,4781,273468,18,7034,329,20,6,147,1,0,0.38
"91",2020-06-04,5416,278884,19,7053,325,18,5,147,0,0,0.39
"92",2020-06-05,5604,284488,37,7090,329,18,5,148,1,0,0.75
"93",2020-06-06,5870,290358,23,7113,321,18,5,150,2,0,0.44
"94",2020-06-07,5490,295848,33,7146,343,20,5,150,0,0,0.62
"95",2020-06-08,4976,300824,24,7170,343,19,5,151,1,0,0.52
"96",2020-06-09,5923,306747,38,7208,356,16,5,151,0,0,0.69
"97",2020-06-10,6850,313597,48,7256,372,16,4,151,0,0,0.73
"98",2020-06-11,8477,322074,43,7299,381,16,4,151,0,0,0.51
"99",2020-06-12,6183,328257,27,7326,384,20,5,151,0,0,0.44
"100",2020-06-13,7665,335922,35,7361,399,18,5,151,0,0,0.52
"101",2020-06-14,7459,343381,53,7414,425,20,6,151,0,0,0.76
"102",2020-06-15,6366,349747,36,7450,440,25,6,151,0,0,0.58
"103",2020-06-16,6970,356717,45,7495,476,27,7,151,0,0,0.67
"104",2020-06-17,7821,364538,46,7541,479,28,7,152,1,0,0.64
"105",2020-06-18,9100,373638,46,7587,501,30,6,152,0,0,0.57
"106",2020-06-19,7400,381038,47,7634,515,30,6,152,0,0,0.65
"107",2020-06-20,8324,389362,30,7664,523,27,7,152,0,0,0.38
"108",2020-06-21,6895,396257,33,7697,530,28,6,153,1,0,0.51
"109",2020-06-22,6542,402799,41,7738,516,26,6,153,0,0,0.61
"110",2020-06-23,6518,409317,45,7783,521,28,7,153,0,0,0.81
"111",2020-06-24,6367,415684,25,7808,488,27,8,153,0,0,0.47
"112",2020-06-25,6634,422318,36,7844,489,30,8,154,1,0,0.57
"113",2020-06-26,6396,428714,66,7910,495,32,8,154,0,0,1.13
"114",2020-06-27,6509,435223,37,7947,493,32,8,154,0,0,0.61
"115",2020-06-28,6997,442220,68,8015,531,32,9,154,0,0,1.03
"116",2020-06-29,7199,449419,44,8059,521,32,9,154,0,0,0.64
"117",2020-06-30,6952,456371,33,8092,518,32,8,155,1,0,0.62
"118",2020-07-01,7675,464046,64,8156,519,30,8,155,0,0,0.86
"119",2020-07-02,6739,470785,55,8211,551,33,9,155,0,0,0.91
"120",2020-07-03,5960,476745,30,8241,558,38,8,155,0,0,0.55
"121",2020-07-04,5545,482290,48,8289,564,46,7,156,1,0,0.92
"122",2020-07-05,5602,487892,48,8337,587,46,6,156,0,0,1.09
"123",2020-07-06,6014,493906,49,8386,601,47,6,156,0,0,0.78
"124",2020-07-07,6268,500174,44,8430,588,47,7,158,2,0,0.78
"125",2020-07-08,6970,507144,43,8473,572,41,7,159,1,0,0.66
"126",2020-07-09,7804,514948,74,8547,583,41,9,162,3,0,0.96
"127",2020-07-10,7528,522476,62,8609,564,43,8,162,0,0,0.85
"128",2020-07-11,10003,532479,90,8699,619,44,11,162,0,0,1.01
"129",2020-07-12,7595,540074,78,8777,670,46,13,162,0,0,1.12
"130",2020-07-13,5809,545883,87,8864,698,56,13,163,1,0,1.62
"131",2020-07-14,6386,552269,85,8949,703,61,7,166,3,0,1.44
"132",2020-07-15,8225,560494,115,9064,803,64,8,166,0,0,1.62
"133",2020-07-16,6484,566978,103,9167,856,68,15,167,1,0,1.73
"134",2020-07-17,9719,576697,168,9335,975,75,16,167,0,0,1.89
"135",2020-07-18,6857,583554,102,9437,1038,75,15,170,3,0,1.63
"136",2020-07-19,6961,590515,88,9525,1100,76,17,171,1,0,1.39
"137",2020-07-20,7817,598332,131,9656,1178,85,16,173,2,0,1.69
"138",2020-07-21,8156,606488,136,9792,1247,92,18,175,2,0,1.77
"139",2020-07-22,8230,614718,113,9905,1286,94,21,177,2,0,1.37
"140",2020-07-23,8741,623459,116,10021,1335,90,21,179,2,0,1.4
"141",2020-07-24,10589,634048,117,10138,1363,88,16,182,3,0,1.18
"142",2020-07-25,9855,643903,98,10236,1393,78,16,184,2,0,1.07
"143",2020-07-26,7443,651346,89,10325,1418,79,17,187,3,0,1.36
"144",2020-07-27,7910,659256,81,10406,1382,79,15,190,3,0,1.13
"145",2020-07-28,8989,668245,131,10537,1414,76,16,194,4,0,1.57
"146",2020-07-29,8674,676919,118,10655,1404,77,17,195,1,0,1.43
"147",2020-07-30,8392,685311,124,10779,1387,75,16,196,1,0,1.55
"148",2020-07-31,11514,696825,99,10878,1339,75,17,200,4,0,1.01
"149",2020-08-01,9148,705973,67,10945,1300,71,18,200,0,0,0.75
"150",2020-08-02,6934,712907,73,11018,1309,72,17,200,0,0,1.1
"151",2020-08-03,7246,720153,64,11082,1204,72,22,203,3,0,1.02
"152",2020-08-04,7203,727356,94,11176,1160,65,21,204,1,0,1.36
"153",2020-08-05,7991,735347,61,11237,1123,62,19,207,3,0,0.76
"154",2020-08-06,8561,743908,128,11365,1140,55,18,209,2,0,1.55
"155",2020-08-07,8780,752688,111,11476,1078,54,17,209,0,0,1.34
"156",2020-08-08,10167,762855,97,11573,1094,54,18,214,5,0,0.97
"157",2020-08-09,7414,770269,45,11618,1078,51,15,216,2,0,0.63
"158",2020-08-10,7061,777330,86,11704,988,49,15,218,2,0,1.39
"159",2020-08-11,8079,785409,116,11820,1019,47,14,220,2,0,1.57
"160",2020-08-12,7751,793160,72,11892,1007,49,13,222,2,0,1.01
"161",2020-08-13,8210,801370,81,11973,1001,48,13,222,0,0,1.12
"162",2020-08-14,10890,812260,104,12077,1022,46,13,222,0,0,0.99
"163",2020-08-15,8658,820918,83,12160,1056,48,13,225,3,0,0.95
"164",2020-08-16,8693,829611,95,12255,1085,50,11,226,1,0,1.13
"165",2020-08-17,8034,837645,85,12340,1127,53,14,227,1,0,1.19
"166",2020-08-18,9037,846682,81,12421,1069,52,15,228,1,0,1.01
"167",2020-08-19,9294,855976,101,12522,1049,50,15,229,1,0,1.25
"168",2020-08-20,9870,865846,140,12662,1112,44,12,229,0,0,1.45
"169",2020-08-21,10177,876023,88,12750,1096,48,12,231,2,0,0.9
"170",2020-08-22,10096,886119,103,12853,1126,47,10,232,1,0,1.05
"171",2020-08-23,8498,894617,70,12923,1145,48,10,236,4,0,0.87
"172",2020-08-24,8446,903063,73,12996,1114,48,8,236,0,0,0.96
"173",2020-08-25,9248,912311,125,13121,1155,51,8,236,0,0,1.44
"174",2020-08-26,10103,922414,104,13225,1133,53,8,237,1,0,1.17
"175",2020-08-27,10997,933411,153,13378,1162,51,8,237,0,0,1.42
"176",2020-08-28,10222,943633,142,13520,1217,47,9,237,0,0,1.44
"177",2020-08-29,11224,954857,181,13701,1323,44,9,237,0,0,1.75
"178",2020-08-30,12265,967122,109,13810,1356,49,11,238,1,0,1.02
"179",2020-08-31,9342,976464,152,13962,1373,52,11,239,1,0,1.69
"180",2020-09-01,8305,984769,109,14071,1380,53,10,240,1,0,1.38
"181",2020-09-02,9557,994326,132,14203,1391,50,10,240,0,0,1.44
"182",2020-09-03,10721,1005047,157,14360,1417,52,11,241,1,0,1.5
"183",2020-09-04,11395,1016442,169,14529,1489,52,13,242,1,0,1.61
"184",2020-09-05,11374,1027816,168,14697,1599,51,13,244,2,0,1.58
"185",2020-09-06,12100,1039916,134,14831,1660,49,11,245,1,0,1.19
"186",2020-09-07,12570,1052486,147,14978,1672,48,10,249,4,0,1.26
"187",2020-09-08,10507,1062993,97,15075,1558,49,7,250,1,0,1
"188",2020-09-09,9716,1072709,113,15188,1473,44,7,250,0,0,1.25
"189",2020-09-10,11983,1084692,116,15304,1423,42,6,251,1,0,0.98
"190",2020-09-11,12763,1097455,115,15419,1376,43,6,252,1,0,0.94
"191",2020-09-12,18920,1116375,166,15585,1455,44,7,252,0,0,0.89
"192",2020-09-13,14459,1130834,137,15722,1509,41,7,252,0,0,1
"193",2020-09-14,12992,1143826,123,15845,1461,48,9,252,0,0,0.96
"194",2020-09-15,12547,1156373,170,16015,1466,46,8,252,0,0,1.41
"195",2020-09-16,18136,1174509,182,16197,1491,47,8,252,0,0,1.05
"196",2020-09-17,12707,1187216,125,16322,1452,51,8,252,0,0,1.05
"197",2020-09-18,13830,1201046,137,16459,1434,58,9,252,0,0,1.03
"198",2020-09-19,14062,1215108,120,16579,1472,59,11,253,1,0,0.89
"199",2020-09-20,16262,1231370,152,16731,1547,60,12,254,1,0,0.97
"200",2020-09-21,13500,1244870,156,16887,1653,60,12,256,2,0,1.24
"201",2020-09-22,13662,1258532,128,17015,1612,61,13,258,2,0,1
"202",2020-09-23,13663,1272195,129,17144,1545,64,15,260,2,0,1.04
"203",2020-09-24,16685,1288880,124,17268,1551,68,15,260,0,0,0.85
"204",2020-09-25,14630,1303510,175,17443,1597,70,16,261,1,0,1.28
"205",2020-09-26,18583,1322093,155,17598,1623,69,16,262,1,0,0.91
"206",2020-09-27,14135,1336228,121,17719,1632,72,14,263,1,0,0.94
"207",2020-09-28,12583,1348811,127,17846,1629,70,12,263,0,0,1.08
"208",2020-09-29,15567,1364378,175,18021,1664,70,12,264,1,0,1.16
"209",2020-09-30,15243,1379621,154,18175,1668,74,13,268,4,0,1.05
"210",2020-10-01,14111,1393732,147,18322,1651,74,15,271,3,0,1.16
"211",2020-10-02,15888,1409620,222,18544,1736,79,16,275,4,0,1.5
"212",2020-10-03,14894,1424514,196,18740,1824,80,16,277,2,0,1.35
"213",2020-10-04,14479,1438993,213,18953,1926,76,14,278,1,0,1.49
"214",2020-10-05,18042,1457035,206,19159,1976,79,16,278,0,0,1.2
"215",2020-10-06,11770,1468805,243,19402,2082,88,15,280,2,0,2.12
"216",2020-10-07,13980,1482785,218,19620,2132,92,13,281,1,0,1.68
"217",2020-10-08,15356,1498141,186,19806,2158,91,11,282,1,0,1.35
"218",2020-10-09,16199,1514340,258,20064,2249,91,12,283,1,0,1.67
"219",2020-10-10,13888,1528228,250,20314,2375,98,14,284,1,0,1.93
"220",2020-10-11,16677,1544905,241,20555,2478,101,16,285,1,0,1.57
"221",2020-10-12,11474,1556379,221,20776,2548,103,13,285,0,0,2.03
"222",2020-10-13,14901,1571280,242,21018,2624,103,13,287,2,0,1.7
"223",2020-10-14,12796,1584076,242,21260,2674,107,14,287,0,0,2.01
"224",2020-10-15,14179,1598255,319,21579,2762,117,9,288,1,0,2.36
"225",2020-10-16,16032,1614287,307,21886,2829,117,11,289,1,0,2.01
"226",2020-10-17,12565,1626852,225,22111,2872,122,12,289,0,0,1.85
"227",2020-10-18,13598,1640450,370,22481,3078,120,15,291,2,0,2.89
"228",2020-10-19,13019,1653469,324,22805,3146,119,14,293,2,0,2.63
"229",2020-10-20,14955,1668424,392,23197,3301,113,14,295,2,0,2.88
"230",2020-10-21,14333,1682757,436,23633,3450,107,16,297,2,0,3.18
"231",2020-10-22,15548,1698305,442,24075,3594,106,13,301,4,0,2.89
"232",2020-10-23,16389,1714694,390,24465,3728,105,14,304,3,0,2.5
"233",2020-10-24,17134,1731828,578,25043,4129,107,16,306,2,0,3.54
"234",2020-10-25,12689,1744517,500,25543,4423,109,15,307,1,0,4.12
"235",2020-10-26,9649,1754166,416,25959,4679,116,15,309,2,0,4.57
"236",2020-10-27,10962,1765128,407,26366,4736,121,19,314,5,0,3.94
"237",2020-10-28,12858,1777986,479,26845,4865,130,17,320,6,0,3.94
"238",2020-10-29,13649,1791635,614,27459,5121,140,24,323,3,0,4.83
"239",2020-10-30,13827,1805462,589,28048,5385,135,23,326,3,0,4.39
"240",2020-10-31,13203,1818665,524,28572,5619,141,23,333,7,0,4.17
"241",2020-11-01,11638,1830303,605,29177,5947,151,27,338,5,0,5.34
"242",2020-11-02,8970,1839273,571,29748,6086,153,27,341,3,0,6.61
"243",2020-11-03,11167,1850440,537,30285,6231,157,31,350,9,0,5.05
"244",2020-11-04,14099,1864539,771,31056,6573,158,31,354,4,0,5.74
"245",2020-11-05,14153,1878692,736,31792,6914,170,31,361,7,0,5.48
"246",2020-11-06,15030,1893722,825,32617,7302,178,32,368,7,0,5.89
"247",2020-11-07,12167,1905889,640,33257,7606,183,34,373,5,0,5.59
"248",2020-11-08,11616,1917505,631,33888,7859,191,37,383,10,0,5.72
"249",2020-11-09,9323,1926828,724,34612,8000,206,41,389,6,0,8.22
"250",2020-11-10,12677,1939505,676,35288,8064,215,43,397,8,0,5.74
"251",2020-11-11,14924,1954429,855,36143,8253,224,50,400,3,0,5.98
"252",2020-11-12,14035,1968464,896,37039,8536,246,53,407,7,0,6.93
"253",2020-11-13,14322,1982786,1017,38056,9046,261,55,413,6,0,7.71
"254",2020-11-14,15603,1998389,982,39038,9554,271,57,422,9,0,6.72
"255",2020-11-15,12217,2010606,852,39890,9953,283,56,435,13,0,7.45
"256",2020-11-16,11539,2022145,766,40656,9995,292,58,449,14,0,7
"257",2020-11-17,13453,2035598,729,41385,9973,305,59,459,10,0,5.91
"258",2020-11-18,16468,2052066,1102,42487,10308,322,61,466,7,0,7.24
"259",2020-11-19,17768,2069834,1140,43627,10585,345,59,476,10,0,7.05
"260",2020-11-20,19343,2089177,1334,44961,11211,355,58,484,8,0,7.45
"261",2020-11-21,19571,2108748,1562,46523,12114,356,62,493,9,0,8.54
"262",2020-11-22,19567,2128315,1528,48051,13057,364,65,504,11,0,8.33
"263",2020-11-23,13649,2141964,1120,49171,13257,383,66,514,10,1,8.78
"264",2020-11-24,15714,2157678,1271,50442,13652,397,74,524,10,0,8.53
"265",2020-11-25,16000,2173678,1084,51526,13987,436,85,533,9,0,7.28
"266",2020-11-26,16352,2190030,1228,52754,14159,449,86,545,12,0,7.93
"267",2020-11-27,21746,2211776,1715,54469,14845,463,89,558,13,0,8.39
"268",2020-11-28,23384,2235160,1594,56063,15595,478,94,567,9,0,7.32
"269",2020-11-29,20592,2255752,1710,57773,16313,495,95,579,12,0,8.79
"270",2020-11-30,15884,2271636,1317,59090,16486,521,102,595,16,0,8.82
"271",2020-12-01,18517,2290153,1696,60786,17007,551,100,607,12,0,9.61
"272",2020-12-02,19698,2309851,1851,62637,17596,566,101,625,18,0,9.81
"273",2020-12-03,17310,2327161,1795,64432,18086,588,100,640,15,0,11.16
"274",2020-12-04,21186,2348347,1881,66313,18638,601,103,666,26,0,9.47
"275",2020-12-05,23543,2371890,1829,68142,19315,626,106,681,15,0,8.3
"276",2020-12-06,20472,2392362,1725,69867,19895,654,113,700,19,0,9.02
"277",2020-12-07,19195,2411557,1794,71661,20225,695,115,723,23,0,9.85
"278",2020-12-08,16892,2428449,1494,73155,20048,707,128,736,13,0,9.48
"279",2020-12-09,16891,2445340,1596,74751,20026,724,127,757,21,0,9.98
"280",2020-12-10,21105,2466445,1746,76497,20037,726,127,776,19,0,8.92
"281",2020-12-11,20347,2486792,1597,78094,19963,726,128,789,13,0,8.41
"282",2020-12-12,21833,2508625,1709,79803,20424,705,136,814,25,0,8.35
"283",2020-12-13,20496,2529121,1865,81668,20941,729,138,830,16,0,9.52
"284",2020-12-14,16468,2545589,1341,83009,20465,760,135,850,20,0,8.9
"285",2020-12-15,17644,2563233,1287,84296,19990,774,142,873,23,1,7.7
"286",2020-12-16,19960,2583193,1592,85888,19710,784,140,897,24,0,8.46
"287",2020-12-17,19672,2602865,1460,87348,19483,792,145,918,21,1,7.97
"288",2020-12-18,18664,2621529,1369,88717,19140,790,154,946,28,0,7.93
"289",2020-12-19,18156,2639685,1307,90024,19093,789,152,963,17,0,7.62
"290",2020-12-20,18499,2658184,1251,91275,19056,810,153,976,13,0,7.37
"291",2020-12-21,14366,2672550,1052,92327,18214,822,152,998,22,1,7.73
"292",2020-12-22,19445,2691995,1336,93663,17734,836,144,1023,25,1,7.45
"293",2020-12-23,15747,2707742,1130,94793,17155,852,150,1044,21,1,7.67
"294",2020-12-24,18182,2725924,1240,96033,16747,848,151,1066,22,1,7.32
"295",2020-12-25,14405,2740329,905,96938,16098,836,147,1093,27,0,6.67
"296",2020-12-26,7110,2747439,485,97423,15386,846,141,1117,24,1,7.44
"297",2020-12-27,9892,2757331,955,98378,15353,864,150,1144,27,0,10.35
"298",2020-12-28,11286,2768617,896,99274,14614,880,154,1160,16,0,8.32
"299",2020-12-29,15059,2783676,1364,100638,14419,903,152,1180,20,0,9.39
"300",2020-12-30,17143,2800819,1263,101901,14288,905,144,1198,18,0,7.65
"301",2020-12-31,16684,2817503,1360,103261,14256,892,141,1214,16,0,8.57
"302",2021-01-01,12952,2830455,921,104182,13838,877,147,1238,24,4,7.61
"303",2021-01-02,8365,2838820,466,104648,13283,889,142,1268,30,1,5.86
"304",2021-01-03,12233,2851053,1139,105787,13490,890,139,1292,24,2,9.87
"305",2021-01-04,10628,2861681,877,106664,13028,902,141,1317,25,2,8.62
"306",2021-01-05,16450,2878131,1148,107812,13049,880,142,1340,23,1,7.28
"307",2021-01-06,15094,2893225,966,108778,12863,847,140,1366,26,1,6.7
"308",2021-01-07,16994,2910219,1176,109954,13123,818,139,1386,20,3,7.21
"309",2021-01-08,13667,2923886,982,110936,13966,798,135,1403,17,1,7.54
"310",2021-01-09,12367,2936253,809,111745,13624,772,132,1427,24,3,6.87
"311",2021-01-10,9894,2946147,627,112372,13374,793,136,1455,28,0,6.65
"312",2021-01-11,9401,2955548,675,113047,12650,797,133,1472,17,0,7.5
"313",2021-01-12,15959,2971507,867,113914,12182,790,137,1496,24,2,5.79
"314",2021-01-13,16302,2987809,966,114880,11743,766,135,1506,10,1,6.31
"315",2021-01-14,13640,3001449,779,115659,11502,764,127,1521,15,1,5.91
"316",2021-01-15,12472,3013921,702,116361,12020,739,123,1538,17,5,5.92
"317",2021-01-16,11527,3025448,743,117104,11528,717,123,1557,19,6,6.81
"318",2021-01-17,8613,3034061,460,117564,11202,717,121,1574,17,2,5.65
"319",2021-01-18,7730,3041791,462,118026,10390,723,122,1586,12,2,6.27
"320",2021-01-19,14722,3056513,670,118696,9837,725,125,1610,24,0,4.88
"321",2021-01-20,14097,3070610,672,119368,9520,700,121,1626,16,4,5.03
"322",2021-01-21,13042,3083652,642,120010,9256,670,117,1639,13,2,5.09
"323",2021-01-22,10918,3094570,567,120577,9017,648,115,1652,13,3,5.52
"324",2021-01-23,10256,3104826,451,121028,8827,615,111,1669,17,2,4.57
"325",2021-01-24,7205,3112031,358,121386,8586,602,114,1681,12,1,5.3
"326",2021-01-25,8317,3120348,362,121748,7900,593,108,1697,16,10,4.48
"327",2021-01-26,12881,3133229,468,122216,7431,575,109,1704,7,0,3.83
"328",2021-01-27,12336,3145565,473,122689,7273,566,111,1713,9,4,4.09
"329",2021-01-28,11608,3157173,519,123208,7042,561,108,1724,11,12,4.63
"330",2021-01-29,10396,3167569,388,123596,6767,547,102,1732,8,4,3.89
"331",2021-01-30,8966,3176535,468,124064,6741,527,101,1741,9,6,5.45
"332",2021-01-31,7305,3183840,351,124415,6606,521,102,1748,7,5,5
"333",2021-02-01,7913,3191753,280,124695,6129,524,96,1757,9,8,3.65
"334",2021-02-02,13072,3204825,456,125151,5998,500,93,1765,8,11,3.66
"335",2021-02-03,11521,3216346,403,125554,5799,476,92,1778,13,12,3.64
"336",2021-02-04,10002,3226348,394,125948,5620,444,88,1783,5,15,4.12
"337",2021-02-05,10045,3236393,361,126309,5487,423,83,1794,11,22,3.78
"338",2021-02-06,8250,3244643,352,126661,5465,404,80,1799,5,7,4.34
"339",2021-02-07,6196,3250839,268,126929,5408,399,77,1807,8,6,4.52
"340",2021-02-08,7015,3257854,219,127148,5070,397,78,1812,5,2,3.31
"341",2021-02-09,10888,3268742,336,127484,4939,385,75,1820,8,13,3.27
"342",2021-02-10,9976,3278718,348,127832,4744,358,68,1828,8,16,3.6
"343",2021-02-11,8418,3287136,318,128150,4654,331,63,1841,13,10,3.85
"344",2021-02-12,8079,3295215,301,128451,4521,315,60,1848,7,25,3.85
"345",2021-02-13,7986,3303201,287,128738,4483,312,56,1851,3,8,3.83
"346",2021-02-14,5397,3308598,244,128982,4470,308,55,1854,3,4,4.65
"347",2021-02-15,5239,3313837,260,129242,4254,321,53,1859,5,7,5.33
"348",2021-02-16,7489,3321326,286,129528,4125,324,57,1864,5,10,4.07
"349",2021-02-17,10302,3331628,420,129948,4170,315,53,1866,2,8,4.39
"350",2021-02-18,9388,3341016,332,130280,4125,302,54,1872,6,7,3.71
"351",2021-02-19,8398,3349414,382,130662,4144,288,50,1876,4,15,4.8
"352",2021-02-20,7546,3356960,327,130989,4195,279,54,1877,1,19,4.52
"353",2021-02-21,6075,3363035,269,131258,4239,292,53,1881,4,11,4.64
"354",2021-02-22,6339,3369374,277,131535,4167,293,52,1886,5,19,4.5
"355",2021-02-23,9485,3378859,425,131960,4288,280,58,1887,1,24,4.83
"356",2021-02-24,9232,3388091,404,132364,4339,273,57,1890,3,21,4.57
"357",2021-02-25,9226,3397317,355,132719,4398,272,56,1895,5,32,4.05
"358",2021-02-26,7777,3405094,413,133132,4459,267,50,1900,5,32,5.54
"359",2021-02-27,7523,3412617,301,133433,4504,253,45,1902,2,16,4.28
"360",2021-02-28,5957,3418574,287,133720,4576,262,48,1905,3,35,5.1
"361",2021-03-01,5870,3424444,262,133982,4537,258,50,1908,3,14,4.62
"362",2021-03-02,10365,3434809,400,134382,4563,254,44,1912,4,34,3.94
"363",2021-03-03,9498,3444307,333,134715,4538,247,43,1913,1,27,3.7
"364",2021-03-04,10581,3454888,407,135122,4577,252,41,1915,2,38,4.07
"365",2021-03-05,8149,3463037,336,135458,4564,253,40,1918,3,31,4.2
"366",2021-03-06,8099,3471136,306,135764,4605,244,38,1921,3,47,3.93
"367",2021-03-07,5493,3476629,250,136014,4589,252,34,1922,1,33,4.53
"368",2021-03-08,5445,3482074,253,136267,4418,259,35,1927,5,36,4.74
"369",2021-03-09,10419,3492493,387,136654,4401,248,36,1929,2,47,3.79
"370",2021-03-10,10187,3502680,405,137059,4458,254,37,1934,5,73,4.13
"371",2021-03-11,9921,3512601,447,137506,4529,257,38,1938,4,58,4.65
"372",2021-03-12,8891,3521492,427,137933,4571,254,36,1943,5,67,4.99
"373",2021-03-13,8353,3529845,376,138309,4671,249,36,1947,4,64,4.66
"374",2021-03-14,6635,3536480,365,138674,4789,260,41,1951,4,76,5.73
"375",2021-03-15,6030,3542510,350,139024,4738,259,41,1954,3,73,6.09
"376",2021-03-16,10846,3553356,507,139531,4884,262,42,1955,1,113,4.91
"377",2021-03-17,10957,3564313,517,140048,5057,266,42,1955,0,125,4.95
"378",2021-03-18,11928,3576241,672,140720,5396,271,46,1958,3,198,5.78
"379",2021-03-19,9993,3586234,524,141244,5575,274,47,1959,1,127,5.32
"380",2021-03-20,11434,3597668,546,141790,5924,275,46,1962,3,155,5.03
"381",2021-03-21,7559,3605227,455,142245,6133,280,46,1966,4,180,6.2
"382",2021-03-22,7349,3612576,482,142727,6193,290,52,1970,4,173,6.89
"383",2021-03-23,12853,3625429,675,143402,6483,288,51,1972,2,197,5.42
"384",2021-03-24,14075,3639504,753,144155,6775,289,54,1974,2,244,5.51
"385",2021-03-25,13346,3652850,710,144865,7010,281,57,1980,6,213,5.66
"386",2021-03-26,11533,3664383,670,145535,7291,279,65,1984,4,255,5.84
"387",2021-03-27,11985,3676368,636,146171,7620,274,62,1984,0,279,5.57
"388",2021-03-28,8377,3684745,542,146713,7841,284,61,1987,3,249,6.71
"389",2021-03-29,8101,3692846,620,147333,7913,294,56,1989,2,297,7.91
"390",2021-03-30,13761,3706607,891,148224,8298,290,61,1992,3,443,6.66
"391",2021-03-31,13644,3720251,877,149101,8593,282,58,1995,3,442,6.74
"392",2021-04-01,13292,3733543,1071,150172,9119,286,61,1996,1,599,8.64
"393",2021-04-02,12123,3745666,1059,151231,9616,293,69,1996,0,602,9.03
"394",2021-04-03,11204,3756870,935,152166,10095,295,70,1999,3,547,8.69
"395",2021-04-04,9098,3765968,869,153035,10476,307,76,2000,1,502,9.85
"396",2021-04-05,9179,3775147,931,153966,10703,320,77,2001,1,538,10.7
"397",2021-04-06,14095,3789242,1357,155323,11365,323,78,2001,0,826,9.98
"398",2021-04-07,15244,3804486,1411,156734,12080,333,82,2004,3,832,9.6
"399",2021-04-08,15655,3820141,1532,158266,12939,342,83,2009,5,929,10.16
"400",2021-04-09,14406,3834547,1286,159552,13569,361,85,2009,0,787,9.27
"401",2021-04-10,14919,3849466,1169,160721,14171,382,91,2012,3,779,8.23
"402",2021-04-11,12328,3861794,1093,161814,14691,395,93,2017,5,700,9.37
"403",2021-04-12,11988,3873782,1050,162864,14901,405,91,2020,3,693,9.08
"404",2021-04-13,15777,3889559,1426,164290,15408,421,93,2024,4,917,9.34
"405",2021-04-14,17255,3906814,1645,165935,16061,417,87,2028,4,1062,9.83
"406",2021-04-15,16926,3923740,1605,167540,16600,424,91,2030,2,1104,9.88
"407",2021-04-16,16409,3940149,1501,169041,17160,446,92,2032,2,1025,9.49
"408",2021-04-17,15389,3955538,1471,170512,17752,452,101,2035,3,987,10.03
"409",2021-04-18,12606,3968144,1357,171869,18217,465,103,2038,3,923,11.07
"410",2021-04-19,13195,3981339,1346,173215,18270,490,105,2040,2,944,10.59
"411",2021-04-20,18454,3999793,1728,174943,18682,509,114,2046,6,1245,9.73
"412",2021-04-21,17577,4017370,1839,176782,18976,529,118,2051,5,1295,10.87
"413",2021-04-22,17620,4034990,1666,178448,19211,554,124,2058,7,1261,9.88
"414",2021-04-23,17748,4052738,1514,179962,19399,590,129,2063,5,1113,8.78
"415",2021-04-24,17053,4069791,1443,181405,19850,601,139,2069,6,1071,8.74
"416",2021-04-25,14885,4084676,1492,182897,20322,628,142,2075,6,1105,10.41
"417",2021-04-26,13769,4098445,1552,184449,20448,642,144,2078,3,1104,11.57
"418",2021-04-27,19000,4117445,1836,186285,20690,652,144,2084,6,1343,9.97
"419",2021-04-28,20601,4138046,2056,188341,21130,634,150,2090,6,1484,10.19
"420",2021-04-29,19001,4157047,1998,190339,21576,654,152,2093,3,1421,10.77
"421",2021-04-30,20495,4177542,2406,192745,22225,649,152,2098,5,1802,12.16
"422",2021-05-01,16626,4194168,1698,194443,22634,652,151,2101,3,829,10.6
"423",2021-05-02,15109,4209277,1967,196410,23293,657,150,2107,6,948,13.44
"424",2021-05-03,14601,4223878,1788,198198,23369,676,144,2112,5,601,12.51
"425",2021-05-04,20544,4244422,2278,200476,23899,663,140,2112,0,507,11.4
"426",2021-05-05,19972,4264394,2176,202652,24238,660,140,2115,3,475,11.35
"427",2021-05-06,18956,4283350,1948,204600,24594,651,142,2116,1,435,10.75
"428",2021-05-07,18859,4302209,2052,206652,24896,656,140,2119,3,436,11.22
"429",2021-05-08,15534,4317743,1583,208235,24896,659,147,2124,5,368,10.47
"430",2021-05-09,13991,4331734,1560,209795,25127,685,149,2127,3,328,11.79
"431",2021-05-10,11912,4343646,1511,211306,24759,701,155,2132,5,371,13.17
"432",2021-05-11,17587,4361233,1810,213116,24742,725,161,2134,2,373,10.67
"433",2021-05-12,15295,4376528,1593,214709,24390,715,167,2140,6,412,10.72
"434",2021-05-13,15067,4391595,1481,216190,23697,709,168,2146,6,395,10.21
"435",2021-05-14,12963,4404558,1238,217428,22833,684,170,2149,3,312,9.8
"436",2021-05-15,11885,4416443,1127,218555,22110,660,178,2152,3,351,9.81
"437",2021-05-16,7011,4423454,718,219273,21123,669,174,2156,4,242,10.47
"438",2021-05-17,8103,4431557,920,220193,19899,688,180,2161,5,364,11.64
"439",2021-05-18,10422,4441979,956,221149,18728,682,182,2165,4,275,9.34
"440",2021-05-19,9064,4451043,828,221977,17606,671,174,2167,2,277,9.52
"441",2021-05-20,10178,4461221,759,222736,16522,644,172,2172,5,289,7.83
"442",2021-05-21,9541,4470762,635,223371,15464,618,161,2180,8,269,6.95
"443",2021-05-22,6960,4477722,552,223923,14489,586,158,2187,7,199,8.2
"444",2021-05-23,5096,4482818,449,224372,13567,573,157,2195,8,182,9.01
"445",2021-05-24,4015,4486833,388,224760,12045,566,155,2201,6,206,10.21
"446",2021-05-25,5989,4492822,407,225167,10947,544,153,2205,4,208,7.16
"447",2021-05-26,9031,4501853,539,225706,10022,535,149,2207,2,436,6.2
"448",2021-05-27,7711,4509564,536,226242,9277,514,146,2214,7,418,7.03
"449",2021-05-28,6893,4516457,410,226652,8477,479,139,2219,5,295,6.12
"450",2021-05-29,6594,4523051,393,227045,8075,447,137,2222,3,312,6.19
"451",2021-05-30,4414,4527465,259,227304,7643,441,131,2226,4,203,5.98
"452",2021-05-31,4118,4531583,215,227519,6777,439,125,2228,2,165,5.54
"453",2021-06-01,8361,4539944,433,227952,6325,439,122,2231,3,346,5.76
"454",2021-06-02,6811,4546755,309,228261,5841,410,119,2242,11,248,4.62
"455",2021-06-03,5815,4552570,243,228504,5421,378,109,2244,2,183,4.04
"456",2021-06-04,6873,4559443,298,228802,5077,370,103,2245,1,242,4.79
"457",2021-06-05,5337,4564780,232,229034,4886,364,97,2246,1,183,4.57
"458",2021-06-06,4026,4568806,158,229192,4698,353,94,2250,4,122,3.95
"459",2021-06-07,3443,4572249,142,229334,4429,339,85,2253,3,105,4.21
"460",2021-06-08,8549,4580798,319,229653,4215,333,83,2255,2,262,3.9
"461",2021-06-09,5493,4586291,171,229824,3812,311,82,2260,5,121,3.17
"462",2021-06-10,6678,4592969,176,230000,3540,300,79,2265,5,125,2.8
"463",2021-06-11,5476,4598445,180,230180,3266,292,74,2266,1,137,3.29
"464",2021-06-12,5803,4604248,162,230342,3193,274,75,2268,2,121,2.91
"465",2021-06-13,3323,4607571,114,230456,3097,274,73,2272,4,82,4
"466",2021-06-14,4482,4612053,126,230582,2811,275,68,2277,5,92,3.06
"467",2021-06-15,6708,4618761,147,230729,2645,261,67,2281,4,108,2.16
"468",2021-06-16,6047,4624808,152,230881,2479,246,59,2281,0,106,2.45
"469",2021-06-17,5578,4630386,119,231000,2338,242,58,2288,7,84,2.19
"470",2021-06-18,5059,4635445,118,231118,2174,227,49,2289,1,77,2.51
"471",2021-06-19,4877,4640322,86,231204,2131,217,52,2289,0,54,1.76
"472",2021-06-20,2837,4643159,50,231254,2003,218,56,2292,3,38,1.9
"473",2021-06-21,5017,4648176,67,231321,1769,207,55,2292,0,51,1.34
"474",2021-06-22,6335,4654511,100,231421,1676,203,55,2292,0,72,1.63
"475",2021-06-23,5720,4660231,76,231497,1586,195,51,2292,0,40,1.43
"476",2021-06-24,7072,4667303,93,231590,1495,185,47,2293,1,60,1.43
"477",2021-06-25,6086,4673389,77,231667,1390,184,46,2295,2,49,1.38
"478",2021-06-26,4587,4677976,45,231712,1331,175,41,2296,1,33,0.98
"479",2021-06-27,4488,4682464,38,231750,1264,179,38,2299,3,27,0.85
"480",2021-06-28,3451,4685915,59,231809,1148,170,36,2300,1,32,1.54
"481",2021-06-29,6333,4692248,76,231885,1069,163,34,2300,0,51,1.12
"482",2021-06-30,5248,4697496,59,231944,1004,152,35,2300,0,39,1.28
"483",2021-07-01,5492,4702988,37,231981,900,142,33,2303,3,27,0.69
"484",2021-07-02,3931,4706919,35,232016,836,138,31,2303,0,26,1.04
"485",2021-07-03,4208,4711127,52,232068,836,135,31,2303,0,32,1.26
"486",2021-07-04,4268,4715395,39,232107,827,133,33,2304,1,19,0.94
"487",2021-07-05,4418,4719813,37,232144,761,135,32,2304,0,24,0.79
"488",2021-07-06,6162,4725975,64,232208,739,137,30,2305,1,36,0.88
"489",2021-07-07,5898,4731873,48,232256,694,127,31,2305,0,34,0.86
"490",2021-07-08,7316,4739189,57,232313,676,122,34,2305,0,29,0.78
"491",2021-07-09,5842,4745031,35,232348,644,113,34,2305,0,19,0.62
"492",2021-07-10,6021,4751052,30,232378,639,113,32,2305,0,13,0.5
"493",2021-07-11,4012,4755064,30,232408,621,107,33,2308,3,16,0.75
"494",2021-07-12,4994,4760058,32,232440,593,107,32,2308,0,12,0.7
"495",2021-07-13,6858,4766916,34,232474,560,107,32,2309,1,21,0.52
"496",2021-07-14,6214,4773130,49,232523,566,102,30,2311,2,30,0.8
"497",2021-07-15,6371,4779501,52,232575,575,105,27,2312,1,29,0.89
"498",2021-07-16,5513,4785014,49,232624,571,103,27,2313,1,31,0.94
"499",2021-07-17,5355,4790369,40,232664,577,101,27,2314,1,25,0.82
"500",2021-07-18,4347,4794716,41,232705,589,99,27,2314,0,32,1.01
"501",2021-07-19,5008,4799724,61,232766,591,96,27,2314,0,38,1.22
"502",2021-07-20,6483,4806207,88,232854,637,94,27,2316,2,65,1.47
"503",2021-07-21,6626,4812833,96,232950,664,90,26,2318,2,76,1.45
"504",2021-07-22,7621,4820454,166,233116,793,83,26,2318,0,148,2.27
"505",2021-07-23,6082,4826536,144,233260,904,84,23,2319,1,116,2.48
"506",2021-07-24,6290,4832826,135,233395,1003,80,22,2319,0,122,2.18
"507",2021-07-25,5370,4838196,91,233486,1061,81,21,2319,0,79,1.75
"508",2021-07-26,5427,4843623,137,233623,1155,83,21,2320,1,111,2.52
"509",2021-07-27,7131,4850754,205,233828,1321,84,18,2320,0,180,2.94
"510",2021-07-28,7864,4858618,222,234050,1496,88,20,2322,2,190,2.9
"511",2021-07-29,8291,4866909,197,234247,1644,89,19,2322,0,162,2.48
"512",2021-07-30,6701,4873610,236,234483,1813,92,18,2323,1,214,3.69
"513",2021-07-31,6027,4879637,223,234706,1992,91,17,2323,0,198,3.83
"514",2021-08-01,4392,4884029,141,234847,2085,91,20,2323,0,133,3.39
"515",2021-08-02,4478,4888507,124,234971,2141,90,23,2323,0,105,2.79
"516",2021-08-03,5434,4893941,204,235175,2246,98,23,2323,0,187,3.9
"517",2021-08-04,7476,4901417,396,235571,2493,103,24,2324,1,356,5.56
"518",2021-08-05,7298,4908715,364,235935,2687,112,26,2326,2,327,5.23
"519",2021-08-06,7801,4916516,391,236326,2933,118,26,2328,2,345,5.19
"520",2021-08-07,7708,4924224,375,236701,3204,117,24,2328,0,335,5.11
"521",2021-08-08,4472,4928696,241,236942,3336,129,27,2329,1,210,5.59
"522",2021-08-09,5446,4934142,286,237228,3431,135,29,2329,0,251,5.6
"523",2021-08-10,8639,4942781,500,237728,3736,142,32,2329,0,456,6.2
"524",2021-08-11,8606,4951387,548,238276,4068,155,36,2329,0,479,6.66
"525",2021-08-12,9314,4960701,579,238855,4405,158,38,2329,0,515,6.3
"526",2021-08-13,8016,4968717,567,239422,4774,161,39,2331,2,520,7.32
"527",2021-08-14,7152,4975869,450,239872,5061,157,44,2331,0,407,6.36
"528",2021-08-15,5331,4981200,388,240260,5299,172,44,2333,2,364,7.52
"529",2021-08-16,5494,4986694,410,240670,5577,185,45,2333,0,352,7.86
"530",2021-08-17,9229,4995923,668,241338,5873,192,48,2335,2,594,7.83
"531",2021-08-18,10007,5005930,818,242156,6312,208,44,2340,5,742,8.56
"532",2021-08-19,9034,5014964,747,242903,6649,230,47,2342,2,678,8.61
"533",2021-08-20,8977,5023941,807,243710,7099,247,47,2343,1,735,9.49
"534",2021-08-21,8423,5032364,677,244387,7525,243,49,2345,2,609,8.42
"535",2021-08-22,5617,5037981,467,244854,7706,256,54,2349,4,433,9.01
"536",2021-08-23,6028,5044009,641,245495,7875,274,58,2354,5,570,11.1
"537",2021-08-24,11789,5055798,1073,246568,8441,301,59,2358,4,979,9.62
"538",2021-08-25,10600,5066398,1099,247667,9011,320,64,2359,1,950,10.79
"539",2021-08-26,11592,5077990,1164,248831,9596,346,73,2363,4,1049,10.46
"540",2021-08-27,11448,5089438,1222,250053,10304,371,85,2367,4,1106,11.22
"541",2021-08-28,9543,5098981,952,251005,10876,396,87,2371,4,850,10.32
"542",2021-08-29,8356,5107337,862,251867,11359,421,97,2374,3,787,10.7
"543",2021-08-30,7514,5114851,915,252782,11584,454,106,2381,7,840,12.74
"544",2021-08-31,12170,5127021,1337,254119,12242,492,108,2387,6,1188,11.32
"545",2021-09-01,12472,5139493,1335,255454,12817,515,116,2390,3,1228,11.14
"546",2021-09-02,12627,5152120,1412,256866,13439,554,119,2395,5,1269,11.79
"547",2021-09-03,10474,5162594,1309,258175,13965,580,128,2403,8,1164,13.06
"548",2021-09-04,12866,5175460,1443,259618,14940,596,133,2413,10,1326,11.55
"549",2021-09-05,7526,5182986,813,260431,15177,611,137,2423,10,739,11.27
"550",2021-09-06,10452,5193438,1296,261727,15370,638,140,2432,9,1187,12.95
"551",2021-09-07,10778,5204216,1219,262946,15560,687,148,2439,7,1070,11.81
"552",2021-09-08,13851,5218067,1495,264441,15902,704,152,2446,7,1337,11.27
"553",2021-09-09,13681,5231748,1466,265907,16187,718,167,2456,10,1256,11.22
"554",2021-09-10,14590,5246338,1645,267552,16649,765,179,2465,9,872,11.76
"555",2021-09-11,12218,5258556,1478,269030,17399,782,183,2470,5,890,12.42
"556",2021-09-12,13372,5271928,1578,270608,18273,831,198,2481,11,576,12.21
"557",2021-09-13,11942,5283870,1416,272024,18134,850,213,2494,13,466,12.4
"558",2021-09-14,15897,5299767,1633,273657,18334,899,219,2506,12,633,10.78
"559",2021-09-15,16431,5316198,1721,275378,18630,922,221,2522,16,672,10.92
"560",2021-09-16,17395,5333593,1998,277376,19103,940,218,2536,14,706,11.92
"561",2021-09-17,16432,5350025,1596,278972,19246,948,214,2551,15,690,10.14
"562",2021-09-18,16562,5366587,1586,280558,20018,959,204,2566,15,681,9.94
"563",2021-09-19,13449,5380036,1429,281987,20491,985,219,2583,17,585,11.13
"564",2021-09-20,13723,5393759,1519,283506,20801,1023,223,2597,14,561,11.63
"565",2021-09-21,14584,5408343,1315,284821,20162,1063,235,2616,19,640,9.37
"566",2021-09-22,18000,5426343,1689,286510,20090,1080,232,2626,10,714,9.76
"567",2021-09-23,16951,5443294,1670,288180,19976,1096,245,2637,11,710,10.26
"568",2021-09-24,15935,5459229,1873,290053,20035,1096,247,2654,17,733,12.19
"569",2021-09-25,14884,5474113,1525,291578,20399,1071,254,2669,15,551,10.61
"570",2021-09-26,15085,5489198,1742,293320,21187,1093,256,2687,18,646,12.03
"571",2021-09-27,11180,5500378,1270,294590,20424,1128,250,2699,12,534,11.73
"572",2021-09-28,15081,5515459,1706,296296,20238,1101,257,2714,15,580,11.66
"573",2021-09-29,17650,5533109,1720,298016,20195,1100,253,2732,18,756,10.18
"574",2021-09-30,15893,5549002,1649,299665,20170,1085,255,2745,13,623,10.73
"575",2021-10-01,14551,5563553,1608,301273,20224,1080,251,2759,14,656,11.39
"576",2021-10-02,14346,5577899,1282,302555,20435,1105,247,2787,28,511,9.36
"577",2021-10-03,10443,5588342,1128,303683,20584,1095,246,2800,13,437,11.17
"578",2021-10-04,8042,5596384,697,304380,19406,1110,240,2815,15,389,9.05
"579",2021-10-05,15433,5611817,1260,305640,18888,1109,236,2824,9,591,8.46
"580",2021-10-06,15643,5627460,1236,306876,18371,1107,240,2835,11,624,8.34
"581",2021-10-07,14778,5642238,1263,308139,17805,1100,241,2852,17,598,8.93
"582",2021-10-08,13999,5656237,1080,309219,17057,1073,243,2866,14,506,8.03
"583",2021-10-09,11651,5667888,1039,310258,17094,1034,231,2880,14,447,9.28
"584",2021-10-10,7744,5675632,631,310889,16701,1063,234,2901,21,329,8.73
"585",2021-10-11,7368,5683000,601,311490,15243,1063,230,2922,21,259,8.59
"586",2021-10-12,8651,5691651,654,312144,14182,1049,225,2935,13,283,7.93
"587",2021-10-13,12755,5704406,931,313075,13410,1030,224,2948,13,436,7.61
"588",2021-10-14,14079,5718485,1038,314113,12954,1012,221,2961,13,504,7.67
"589",2021-10-15,11646,5730131,772,314885,12385,1000,216,2978,17,379,6.96
"590",2021-10-16,11449,5741580,789,315674,12362,981,208,2985,7,396,7.07
"591",2021-10-17,7184,5748764,602,316276,12263,987,217,2995,10,262,8.76
"592",2021-10-18,8045,5756809,528,316804,11370,974,210,3007,12,298,6.84
"593",2021-10-19,12129,5768938,809,317613,10819,938,200,3017,10,428,6.8
"594",2021-10-20,11911,5780849,770,318383,10432,912,195,3027,10,360,6.72
"595",2021-10-21,10748,5791597,663,319046,10053,894,186,3034,7,319,6.22
"596",2021-10-22,10805,5802402,705,319751,9831,863,186,3044,10,323,6.75
"597",2021-10-23,8705,5811107,508,320259,9713,834,190,3058,14,260,6.19
"598",2021-10-24,6438,5817545,366,320625,9487,829,174,3069,11,178,6.06
"599",2021-10-25,7798,5825343,456,321081,9289,841,172,3077,8,240,6.09
"600",2021-10-26,11367,5836710,628,321709,8752,816,173,3083,6,316,5.68
"601",2021-10-27,10290,5847000,544,322253,8413,790,174,3096,13,269,5.46
"602",2021-10-28,10524,5857524,606,322859,8187,772,168,3102,6,277,6.03
"603",2021-10-29,9399,5866923,531,323390,7900,744,161,3111,9,283,5.95
"604",2021-10-30,8253,5875176,330,323720,7709,706,154,3122,11,164,4.14
"605",2021-10-31,6728,5881904,339,324059,7591,697,150,3127,5,153,5.29
"606",2021-11-01,7546,5889450,325,324384,6928,702,154,3132,5,161,4.55
"607",2021-11-02,10362,5899812,495,324879,6706,703,145,3138,6,260,4.96
"608",2021-11-03,12410,5912222,540,325419,6526,685,137,3143,5,269,4.56
"609",2021-11-04,11508,5923730,472,325891,6393,665,134,3148,5,218,4.23
"610",2021-11-05,11493,5935223,586,326477,6370,661,131,3153,5,271,5.22
"611",2021-11-06,8972,5944195,433,326910,6455,634,132,3161,8,211,4.97
"612",2021-11-07,5521,5949716,289,327199,6378,612,127,3165,4,138,5.22
"613",2021-11-08,8340,5958056,424,327623,6084,614,122,3172,7,188,5.24
"614",2021-11-09,11175,5969231,502,328125,6022,592,118,3177,5,207,4.56
"615",2021-11-10,11592,5980823,468,328593,5892,572,108,3183,6,226,4.14
"616",2021-11-11,8847,5989670,376,328969,5756,558,103,3190,7,169,4.37
"617",2021-11-12,7975,5997645,436,329405,5757,546,100,3191,1,194,5.69
"618",2021-11-13,7149,6004794,357,329762,5830,531,96,3200,9,136,5.06
"619",2021-11-14,6688,6011482,289,330051,5835,522,95,3205,5,143,4.53
"620",2021-11-15,6427,6017909,322,330373,5573,527,96,3209,4,174,5.12
"621",2021-11-16,9743,6027652,415,330788,5531,520,93,3211,2,182,4.37
"622",2021-11-17,8965,6036617,385,331173,5396,508,86,3213,2,199,4.43
"623",2021-11-18,8687,6045304,417,331590,5309,497,85,3217,4,203,4.98
"624",2021-11-19,9452,6054756,467,332057,5318,486,87,3222,5,213,5.18
"625",2021-11-20,7621,6062377,379,332436,5341,466,83,3224,2,175,5.2
"626",2021-11-21,4838,6067215,270,332706,5298,473,90,3232,8,137,5.91
"627",2021-11-22,5325,6072540,271,332977,4982,484,87,3234,2,144,5.41
"628",2021-11-23,10434,6082974,473,333450,5021,478,89,3235,1,318,4.64
"629",2021-11-24,9617,6092591,395,333845,4967,470,90,3238,3,340,4.28
"630",2021-11-25,8713,6101304,361,334206,5017,469,82,3242,4,319,4.29
"631",2021-11-26,7491,6108795,325,334531,4873,464,76,3247,5,273,4.66
"632",2021-11-27,6631,6115426,251,334782,4854,447,71,3249,2,224,3.92
"633",2021-11-28,5057,6120483,229,335011,4842,440,71,3253,4,194,4.81
"634",2021-11-29,5358,6125841,232,335243,4530,445,74,3258,5,195,4.4
"635",2021-11-30,10767,6136608,433,335676,4613,429,75,3261,3,399,4.13
"636",2021-12-01,9470,6146078,363,336039,4531,425,72,3263,2,321,3.92
"637",2021-12-02,9706,6155784,344,336383,4429,400,69,3265,2,303,3.62
"638",2021-12-03,8422,6164206,348,336731,4383,392,65,3267,2,319,4.25
"639",2021-12-04,6956,6171162,247,336978,4397,377,63,3269,2,225,3.59
"640",2021-12-05,5140,6176302,184,337162,4357,382,66,3273,4,165,3.74
"641",2021-12-06,5490,6181792,235,337397,4084,387,67,3275,2,205,4.44
"642",2021-12-07,10714,6192506,385,337782,4119,379,60,3275,0,346,3.73
"643",2021-12-08,10054,6202560,354,338136,4093,373,62,3276,1,319,3.66
"644",2021-12-09,9204,6211764,345,338481,4116,374,64,3277,1,303,3.81
"645",2021-12-10,8536,6220300,312,338793,4133,383,64,3279,2,277,3.84
"646",2021-12-11,6495,6226795,261,339054,4181,367,62,3281,2,234,4.23
"647",2021-12-12,5764,6232559,200,339254,4150,363,63,3282,1,176,3.8
"648",2021-12-13,6433,6238992,275,339529,4011,373,64,3283,1,240,4.57
"649",2021-12-14,10113,6249105,445,339974,4070,368,66,3287,4,380,4.6
"650",2021-12-15,9604,6258709,472,340446,4195,359,64,3288,1,402,5.05
"651",2021-12-16,9710,6268419,553,340999,4416,347,61,3290,2,501,5.8
"652",2021-12-17,10056,6278475,621,341620,4748,338,60,3293,3,568,6.32
"653",2021-12-18,8711,6287186,714,342334,5235,322,65,3296,3,639,8.33
"654",2021-12-19,6509,6293695,569,342903,5617,331,63,3297,1,489,8.85
"655",2021-12-20,7303,6300998,791,343694,6009,338,64,3299,2,714,11
"656",2021-12-21,11541,6312539,1359,345053,7044,337,63,3301,2,1194,11.99
"657",2021-12-22,11893,6324432,1594,346647,8301,331,62,3303,2,1424,13.55
"658",2021-12-23,11558,6335990,1994,348641,9950,335,61,3306,3,1549,17.3
"659",2021-12-24,11475,6347465,2500,351141,12134,324,56,3308,2,558,21.67
"660",2021-12-25,7240,6354705,1586,352727,13528,320,54,3308,0,232,22.1
"661",2021-12-26,4075,6358780,701,353428,14009,325,53,3311,3,240,17.47
"662",2021-12-27,6480,6365260,1406,354834,14971,346,55,3314,3,337,21.82
"663",2021-12-28,9417,6374677,2802,357636,17324,372,50,3317,3,540,30.01
"664",2021-12-29,13270,6387947,4039,361675,20763,394,51,3319,2,694,30.48
"665",2021-12-30,13406,6401353,4460,366135,24589,419,51,3322,3,747,32.96
"666",2021-12-31,12783,6414136,4443,370578,28328,417,51,3323,1,976,34.55
"667",2022-01-01,9466,6423602,3242,373820,30961,430,54,3326,3,694,34.35
"668",2022-01-02,7088,6430690,1988,375808,32236,458,56,3330,4,666,27.99
"669",2022-01-03,8249,6438939,2959,378767,33767,475,54,3333,3,692,36.22
"670",2022-01-04,12748,6451687,4751,383518,36729,525,59,3336,3,990,37.08
"671",2022-01-05,12373,6464060,4948,388466,39478,547,65,3339,3,800,39.15
"672",2022-01-06,16278,6480338,6380,394846,43074,579,69,3342,3,618,38.33
"673",2022-01-07,15024,6495362,6280,401126,47609,642,72,3346,4,430,41.27
"674",2022-01-08,16282,6511644,6254,407380,53641,661,76,3347,1,380,38.34
"675",2022-01-09,13899,6525543,5391,412771,57282,692,75,3349,2,110,38.66
"676",2022-01-10,12201,6537744,4762,417533,58613,708,80,3352,3,7,38.45
